{
  "uuid": "5eb66cc1-91ba-4b34-8852-105eef33a67a",
  "starterPrompted": false,
  "starterLocked": false,
  "starterSelected": false,
  "keyItems": [],
  "battleTheme": "cobblemon:battle.pvp.default",
  "extraData": {},
  "advancementData": {
    "totalCaptureCount": 0,
    "totalEggsHatched": 0,
    "totalEvolvedCount": 0,
    "totalBattleVictoryCount": 0,
    "totalPvPBattleVictoryCount": 0,
    "totalPvWBattleVictoryCount": 0,
    "totalPvNBattleVictoryCount": 0,
    "totalShinyCaptureCount": 0,
    "totalTradedCount": 0,
    "totalTypeCaptureCounts": {},
    "totalDefeatedCounts": {},
    "aspectsCollected": {}
  }
}